{"name":"776141ee-986a-427a-b2b0-2f7f5a1a574c","id":"/providers/Microsoft.Flow/flows/776141ee-986a-427a-b2b0-2f7f5a1a574c","type":"Microsoft.Flow/flows","properties":{"apiId":"/providers/Microsoft.PowerApps/apis/shared_logicflows","displayName":"Visitor Management Security Team Gallery","definition":{"metadata":{"workflowEntityId":null,"creator":{"id":"e5d51810-90a7-4d30-bc9e-cdd66bced4f1","type":"User","tenantId":"efb8be03-af30-4722-8b7b-e9edaa03cf98"},"provisioningMethod":"FromDefinition","failureAlertSubscription":true,"clientLastModifiedTime":"2020-06-09T01:02:24.1307971Z"},"$schema":"https://schema.management.azure.com/providers/Microsoft.Logic/schemas/2016-06-01/workflowdefinition.json#","contentVersion":"1.0.0.0","parameters":{"$connections":{"defaultValue":{},"type":"Object"},"$authentication":{"defaultValue":{},"type":"SecureObject"}},"triggers":{"manual":{"type":"Request","kind":"PowerApp","inputs":{"schema":{"type":"object","properties":{"Initializevariable_Value":{"type":"string","description":"Enter initial value","x-ms-powerflows-param-ispartial":false},"Initializevariable2_Value":{"type":"string","description":"Enter initial value","x-ms-powerflows-param-ispartial":false},"Initializevariable3_Value":{"type":"string","description":"Enter initial value","x-ms-powerflows-param-ispartial":false}},"required":["Initializevariable_Value","Initializevariable2_Value","Initializevariable3_Value"]}}}},"actions":{"Get_items":{"runAfter":{"Condition":["Succeeded"]},"metadata":{"flowSystemMetadata":{"swaggerOperationId":"GetItems"}},"type":"ApiConnection","inputs":{"host":{"connection":{"name":"@json(decodeBase64(triggerOutputs().headers['X-MS-APIM-Tokens']))['$connections']['shared_sharepointonline']['connectionId']"},"api":{"runtimeUrl":"https://unitedstates-002.azure-apim.net/apim/sharepointonline"}},"method":"get","path":"/datasets/@{encodeURIComponent(encodeURIComponent('https://m365x699623.sharepoint.com/sites/ConotsoVisitormanagement'))}/tables/@{encodeURIComponent(encodeURIComponent('ae87b84b-9ef9-43a0-aba6-f79b51178a26'))}/items","queries":{"$filter":"@variables('SearchQuery')","$orderby":"ArrivalDateAndTime","$top":2000},"authentication":{"type":"Raw","value":"@json(decodeBase64(triggerOutputs().headers['X-MS-APIM-Tokens']))['$ConnectionKey']"}}},"Select":{"runAfter":{"Get_items":["Succeeded"]},"type":"Select","inputs":{"from":"@body('Get_items')?['value']","select":{"ArrivalDateAndTime":"@item()?['ArrivalDateAndTime']","BranchLocation":"@item()?['BranchLocation']","HostEmail":"@item()?['HostEmail']","HostName":"@item()?['HostName']","ID":"@item()?['ID']","VisitorName":"@item()?['VisitorName']","VisitorContact":"@item()?['VisitorContact']","VisitorRequestStatus":"@item()?['VisitorRequestStatus']","Title":"@item()?['Title']","PurposeOfVisit":"@item()?['PurposeOfVisit']","OrganizationDetails":"@item()?['OrganizationDetails']","HostNotes":"@item()?['HostNotes']","VisitorRequestStatusValue":"@item()?['VisitorRequestStatus']?['Value']","RequestTypeValue":"@item()?['RequestType']?['Value']","NotifiedCount":"@item()?['NotifiedCount']","Created":"@item()?['Created']"}}},"Parse_JSON":{"runAfter":{"Select":["Succeeded"]},"type":"ParseJson","inputs":{"content":"@body('Select')","schema":{"type":"array","items":{"type":"object","properties":{"ArrivalDateAndTime":{"type":"string"},"BranchLocation":{"type":"string"},"HostEmail":{"type":"string"},"HostName":{"type":"string"},"ID":{"type":"integer"},"VisitorName":{"type":"string"},"VisitorContact":{"type":["string","null"]},"VisitorRequestStatus":{"type":["object","null"],"properties":{"@@odata.type":{"type":"string"},"Id":{"type":"integer"},"Value":{"type":"string"}}},"Title":{"type":"string"},"PurposeOfVisit":{"type":"string"},"OrganizationDetails":{"type":"string"},"HostNotes":{"type":["string","null"]},"VisitorRequestStatusValue":{"type":["string","null"]},"RequestTypeValue":{"type":["string","null"]},"NotifiedCount":{"type":["integer","null"]},"Created":{"type":"string"}},"required":["ArrivalDateAndTime","BranchLocation","HostEmail","HostName","ID","VisitorName","VisitorContact","VisitorRequestStatus","Title","PurposeOfVisit","OrganizationDetails","HostNotes","VisitorRequestStatusValue"]}}}},"Join":{"runAfter":{"Parse_JSON":["Succeeded"]},"type":"Join","inputs":{"from":"@body('Parse_JSON')","joinWith":"\"/n\""}},"Respond_to_a_PowerApp_or_flow":{"runAfter":{"Join":["Succeeded"]},"type":"Response","kind":"PowerApp","inputs":{"statusCode":200,"body":{"myrequestsresults":"@body('Join')"},"schema":{"type":"object","properties":{"myrequestsresults":{"title":"MyRequestsResults","x-ms-dynamically-added":true,"type":"string"}}}}},"Condition":{"actions":{"Condition_2":{"actions":{"Set_variable_3":{"runAfter":{},"type":"SetVariable","inputs":{"name":"SearchQuery","value":"ArrivalDateAndTime ge '@{body('Subtract_from_time')}' and ArrivalDateAndTime lt '@{body('Add_to_time')}'and VisitorRequestStatus ne 'Deleted'"}}},"runAfter":{},"else":{"actions":{"Set_variable_4":{"runAfter":{},"type":"SetVariable","inputs":{"name":"SearchQuery","value":"ArrivalDateAndTime gt '@{body('Subtract_from_time')}'and VisitorRequestStatus ne 'Deleted'"}}}},"expression":{"equals":["@variables('TodayOrUpcoming')","today"]},"type":"If"}},"runAfter":{"Subtract_from_time":["Succeeded"]},"else":{"actions":{"Set_variable_2":{"runAfter":{},"type":"SetVariable","inputs":{"name":"SearchQuery","value":"ArrivalDateAndTime ge '@{body('Subtract_from_time')}' and substringof('@{variables('VisitorNameSearch')}',VisitorName)and VisitorRequestStatus ne 'Deleted'"}}}},"expression":{"equals":["@variables('VisitorNameSearch')","everybody"]},"type":"If"},"Initialize_variable_4":{"runAfter":{"VisitorNameSearch":["Succeeded"]},"type":"InitializeVariable","inputs":{"variables":[{"name":"SearchQuery","type":"string"}]}},"GetTodayOrUpcoming":{"runAfter":{},"type":"InitializeVariable","inputs":{"variables":[{"name":"TodayOrUpcoming","type":"string","value":"@{triggerBody()['Initializevariable_Value']}"}]}},"Date":{"runAfter":{"GetTodayOrUpcoming":["Succeeded"]},"type":"InitializeVariable","inputs":{"variables":[{"name":"Date","type":"string","value":"@{triggerBody()['Initializevariable2_Value']}"}]}},"VisitorNameSearch":{"runAfter":{"Date":["Succeeded"]},"type":"InitializeVariable","inputs":{"variables":[{"name":"VisitorNameSearch","type":"string","value":"@{triggerBody()['Initializevariable3_Value']}"}]}},"Add_to_time":{"runAfter":{"Initialize_variable_4":["Succeeded"]},"type":"Expression","kind":"AddToTime","inputs":{"baseTime":"@variables('Date')","interval":2,"timeUnit":"Day"}},"Subtract_from_time":{"runAfter":{"Add_to_time":["Succeeded"]},"type":"Expression","kind":"SubtractFromTime","inputs":{"baseTime":"@variables('Date')","interval":2,"timeUnit":"Day"}}}},"connectionReferences":{"shared_sharepointonline":{"connectionName":"3650f1090dc94f108d90d07e1491bb58","source":"Invoker","id":"/providers/Microsoft.PowerApps/apis/shared_sharepointonline","tier":"NotSpecified"}},"flowFailureAlertSubscribed":false}}