{"name":"8656be16-fa3a-4a10-90b0-527527d66f30","id":"/providers/Microsoft.Flow/flows/8656be16-fa3a-4a10-90b0-527527d66f30","type":"Microsoft.Flow/flows","properties":{"apiId":"/providers/Microsoft.PowerApps/apis/shared_logicflows","displayName":"Visitor Management User Gallery","definition":{"metadata":{"workflowEntityId":null,"creator":{"id":"e5d51810-90a7-4d30-bc9e-cdd66bced4f1","type":"User","tenantId":"efb8be03-af30-4722-8b7b-e9edaa03cf98"},"provisioningMethod":"FromDefinition","failureAlertSubscription":true,"clientLastModifiedTime":"2020-06-09T00:31:33.7830043Z"},"$schema":"https://schema.management.azure.com/providers/Microsoft.Logic/schemas/2016-06-01/workflowdefinition.json#","contentVersion":"1.0.0.0","parameters":{"$connections":{"defaultValue":{},"type":"Object"},"$authentication":{"defaultValue":{},"type":"SecureObject"}},"triggers":{"manual":{"type":"Request","kind":"PowerApp","inputs":{"schema":{"type":"object","properties":{"Initializevariable_Value":{"type":"string","description":"Enter initial value","x-ms-powerflows-param-ispartial":false},"Initializevariable2_Value":{"type":"string","description":"Enter initial value","x-ms-powerflows-param-ispartial":false},"Initializevariable3_Value":{"type":"string","description":"Enter initial value","x-ms-powerflows-param-ispartial":false}},"required":["Initializevariable_Value","Initializevariable2_Value","Initializevariable3_Value"]}}}},"actions":{"Initialize_variable":{"runAfter":{},"type":"InitializeVariable","inputs":{"variables":[{"name":"UserId","type":"string","value":"@{triggerBody()['Initializevariable_Value']}"}]}},"Get_items":{"runAfter":{"Condition":["Succeeded"]},"metadata":{"flowSystemMetadata":{"swaggerOperationId":"GetItems"}},"type":"ApiConnection","inputs":{"host":{"connection":{"name":"@json(decodeBase64(triggerOutputs().headers['X-MS-APIM-Tokens']))['$connections']['shared_sharepointonline']['connectionId']"},"api":{"runtimeUrl":"https://unitedstates-002.azure-apim.net/apim/sharepointonline"}},"method":"get","path":"/datasets/@{encodeURIComponent(encodeURIComponent('https://m365x699623.sharepoint.com/sites/ConotsoVisitormanagement'))}/tables/@{encodeURIComponent(encodeURIComponent('Visitor List'))}/items","queries":{"$filter":"@variables('SearchQuery')","$orderby":"ArrivalDateAndTime","$top":2000},"authentication":{"type":"Raw","value":"@json(decodeBase64(triggerOutputs().headers['X-MS-APIM-Tokens']))['$ConnectionKey']"}}},"Initialize_variable_2":{"runAfter":{"Initialize_variable":["Succeeded"]},"type":"InitializeVariable","inputs":{"variables":[{"name":"Date","type":"string","value":"@{triggerBody()['Initializevariable2_Value']}"}]}},"Select":{"runAfter":{"Get_items":["Succeeded"]},"type":"Select","inputs":{"from":"@body('Get_items')?['value']","select":{"ArrivalDateAndTime":"@item()?['ArrivalDateAndTime']","BranchLocation":"@item()?['BranchLocation']","HostEmail":"@item()?['HostEmail']","HostName":"@item()?['HostName']","ID":"@item()?['ID']","VisitorName":"@item()?['VisitorName']","VisitorContact":"@item()?['VisitorContact']","VisitorRequestStatus":"@item()?['VisitorRequestStatus']","Title":"@item()?['Title']","PurposeOfVisit":"@item()?['PurposeOfVisit']","OrganizationDetails":"@item()?['OrganizationDetails']","HostNotes":"@item()?['HostNotes']","VisitorRequestStatusValue":"@item()?['VisitorRequestStatus']?['Value']"}}},"Parse_JSON":{"runAfter":{"Select":["Succeeded"]},"type":"ParseJson","inputs":{"content":"@body('Select')","schema":{"type":"array","items":{"type":"object","properties":{"ArrivalDateAndTime":{"type":"string"},"BranchLocation":{"type":"string"},"HostEmail":{"type":"string"},"HostName":{"type":"string"},"ID":{"type":"integer"},"VisitorName":{"type":"string"},"VisitorContact":{"type":["string","null"]},"VisitorRequestStatus":{"type":["object","null"],"properties":{"@@odata.type":{"type":"string"},"Id":{"type":"integer"},"Value":{"type":"string"}}},"Title":{"type":"string"},"PurposeOfVisit":{"type":"string"},"OrganizationDetails":{"type":"string"},"HostNotes":{"type":["string","null"]},"VisitorRequestStatusValue":{"type":["string","null"]}},"required":["ArrivalDateAndTime","BranchLocation","HostEmail","HostName","ID","VisitorName","VisitorContact","VisitorRequestStatus","Title","PurposeOfVisit","OrganizationDetails","HostNotes","VisitorRequestStatusValue"]}}}},"Join":{"runAfter":{"Parse_JSON":["Succeeded"]},"type":"Join","inputs":{"from":"@body('Parse_JSON')","joinWith":"\"/n\""}},"Respond_to_a_PowerApp_or_flow":{"runAfter":{"Join":["Succeeded"]},"type":"Response","kind":"PowerApp","inputs":{"statusCode":200,"body":{"myrequestsresults":"@body('Join')"},"schema":{"type":"object","properties":{"myrequestsresults":{"title":"MyRequestsResults","x-ms-dynamically-added":true,"type":"string"}}}}},"Initialize_variable_3":{"runAfter":{"Initialize_variable_2":["Succeeded"]},"type":"InitializeVariable","inputs":{"variables":[{"name":"VisitorNameSearch","type":"string","value":"@{triggerBody()['Initializevariable3_Value']}"}]}},"Condition":{"actions":{"Set_variable":{"runAfter":{},"type":"SetVariable","inputs":{"name":"SearchQuery","value":"HostEmail eq '@{variables('UserId')}' and ArrivalDateAndTime ge '@{body('Subtract_from_time')}' and VisitorRequestStatus ne 'Deleted'"}}},"runAfter":{"Subtract_from_time":["Succeeded"]},"else":{"actions":{"Set_variable_2":{"runAfter":{},"type":"SetVariable","inputs":{"name":"SearchQuery","value":"HostEmail eq '@{variables('UserId')}' and ArrivalDateAndTime ge '@{body('Subtract_from_time')}' and substringof('@{variables('VisitorNameSearch')}',VisitorName) and VisitorRequestStatus ne 'Deleted'"}}}},"expression":{"equals":["@variables('VisitorNameSearch')","everybody"]},"type":"If"},"Initialize_variable_4":{"runAfter":{"Initialize_variable_3":["Succeeded"]},"type":"InitializeVariable","inputs":{"variables":[{"name":"SearchQuery","type":"string"}]}},"Subtract_from_time":{"runAfter":{"Initialize_variable_4":["Succeeded"]},"type":"Expression","kind":"SubtractFromTime","inputs":{"baseTime":"@variables('Date')","interval":2,"timeUnit":"Day"}}}},"connectionReferences":{"shared_sharepointonline":{"connectionName":"3650f1090dc94f108d90d07e1491bb58","source":"Invoker","id":"/providers/Microsoft.PowerApps/apis/shared_sharepointonline","tier":"NotSpecified"}},"flowFailureAlertSubscribed":false}}