{"name":"0aab99eb-d429-48c2-ac49-e0cc727a8ffd","id":"/providers/Microsoft.Flow/flows/0aab99eb-d429-48c2-ac49-e0cc727a8ffd","type":"Microsoft.Flow/flows","properties":{"apiId":"/providers/Microsoft.PowerApps/apis/shared_logicflows","displayName":"CreateSharePointListsVisitorManagement","definition":{"metadata":{"workflowEntityId":null,"creator":{"id":"e5d51810-90a7-4d30-bc9e-cdd66bced4f1","type":"User","tenantId":"efb8be03-af30-4722-8b7b-e9edaa03cf98"},"provisioningMethod":"FromDefinition","failureAlertSubscription":true,"clientLastModifiedTime":"2020-06-08T19:12:53.2548033Z"},"$schema":"https://schema.management.azure.com/providers/Microsoft.Logic/schemas/2016-06-01/workflowdefinition.json#","contentVersion":"1.0.0.0","parameters":{"$connections":{"defaultValue":{},"type":"Object"},"$authentication":{"defaultValue":{},"type":"SecureObject"}},"triggers":{"manual":{"type":"Request","kind":"Button","inputs":{"schema":{"type":"object","properties":{"text":{"title":"TeamSharepointUrl","type":"string","x-ms-dynamically-added":true,"description":"Please Enter Sharepoint URL corresponding to your Team","x-ms-content-hint":"TEXT"}},"required":["text"]}}}},"actions":{"Single_Line_of_text_Fields_Array":{"runAfter":{"List_of_Sharepoint_Sites":["Succeeded"]},"type":"InitializeVariable","inputs":{"variables":[{"name":"Single Line of text Fields Array","type":"array"}]}},"List_of_Sharepoint_Sites":{"runAfter":{},"type":"InitializeVariable","inputs":{"variables":[{"name":"List of Sharepoint Sites","type":"array","value":["@{string(triggerBody()['text'])}"]}]}},"For_all_sharepoint_sites":{"foreach":"@variables('List of Sharepoint Sites')","actions":{"Create_Branch_List":{"actions":{"Send_Https_request_to_create_Branch_List_":{"runAfter":{},"metadata":{"flowSystemMetadata":{"swaggerOperationId":"HttpRequest"}},"type":"ApiConnection","inputs":{"host":{"connection":{"name":"@json(decodeBase64(triggerOutputs().headers['X-MS-APIM-Tokens']))['$connections']['shared_sharepointonline_2']['connectionId']"},"api":{"runtimeUrl":"https://unitedstates-002.azure-apim.net/apim/sharepointonline"}},"method":"post","body":{"method":"POST","uri":"/_api/web/lists","headers":{"Accept":"application/json;odata=verbose","Content-Type":"application/json;odata=verbose"},"body":"{\n  \"__metadata\": {\"type\": \"SP.List\"},\n  \"AllowContentTypes\": true,\n  \"BaseTemplate\": 100,\n \"Description\": \"List of Branches\",\n \"Title\": \"Branch List\"\n}"},"path":"/datasets/@{encodeURIComponent(encodeURIComponent(items('For_all_sharepoint_sites')))}/httprequest","authentication":{"type":"Raw","value":"@json(decodeBase64(triggerOutputs().headers['X-MS-APIM-Tokens']))['$ConnectionKey']"}}}},"runAfter":{},"type":"Scope"},"Create_AttendanceRecord_List":{"actions":{"Http_request_to_create_AttendanceRecord_List":{"runAfter":{},"metadata":{"flowSystemMetadata":{"swaggerOperationId":"HttpRequest"}},"type":"ApiConnection","inputs":{"host":{"connection":{"name":"@json(decodeBase64(triggerOutputs().headers['X-MS-APIM-Tokens']))['$connections']['shared_sharepointonline_2']['connectionId']"},"api":{"runtimeUrl":"https://unitedstates-002.azure-apim.net/apim/sharepointonline"}},"method":"post","body":{"method":"POST","uri":"/_api/web/lists","headers":{"Accept":"application/json;odata=verbose","Content-Type":"application/json;odata=verbose"},"body":"{\n  \"__metadata\": {\"type\": \"SP.List\"},\n  \"AllowContentTypes\": true,\n  \"BaseTemplate\": 100,\n \"Description\": \"Visitor requests data\",\n \"Title\": \"Visitor List\"\n}"},"path":"/datasets/@{encodeURIComponent(encodeURIComponent(items('For_all_sharepoint_sites')))}/httprequest","authentication":{"type":"Raw","value":"@json(decodeBase64(triggerOutputs().headers['X-MS-APIM-Tokens']))['$ConnectionKey']"}}},"Set_Single_Line_of_Text_Array":{"runAfter":{"Http_request_to_create_AttendanceRecord_List":["Succeeded"]},"type":"SetVariable","inputs":{"name":"Single Line of text Fields Array","value":["BranchLocation","HostName","HostEmail","VisitorName","VisitorContact","OrganizationDetails","PurposeOfVisit","HostNotes","UniqueRowIdentifier"]}},"For_all_Single_line_of_text_fields":{"foreach":"@variables('Single Line of text Fields Array')","actions":{"Request_to_create_single_line_of_texts":{"runAfter":{},"metadata":{"flowSystemMetadata":{"swaggerOperationId":"HttpRequest"}},"type":"ApiConnection","inputs":{"host":{"connection":{"name":"@json(decodeBase64(triggerOutputs().headers['X-MS-APIM-Tokens']))['$connections']['shared_sharepointonline_2']['connectionId']"},"api":{"runtimeUrl":"https://unitedstates-002.azure-apim.net/apim/sharepointonline"}},"method":"post","body":{"method":"POST","uri":"_api/lists/getbytitle('Visitor List')/fields","headers":{"Accept":"application/json;odata=verbose","Content-Type":"application/json;odata=verbose"},"body":"{\n    '__metadata': {'type':'SP.FieldText','addToDefaultView': 'true'},\n    'FieldTypeKind': 2,\n    'Title': '@{items('For_all_Single_line_of_text_fields')}'\n}"},"path":"/datasets/@{encodeURIComponent(encodeURIComponent(items('For_all_sharepoint_sites')))}/httprequest","authentication":{"type":"Raw","value":"@json(decodeBase64(triggerOutputs().headers['X-MS-APIM-Tokens']))['$ConnectionKey']"}}},"Add_text_fields_to_view":{"runAfter":{"Request_to_create_single_line_of_texts":["Succeeded"]},"metadata":{"flowSystemMetadata":{"swaggerOperationId":"HttpRequest"}},"type":"ApiConnection","inputs":{"host":{"connection":{"name":"@json(decodeBase64(triggerOutputs().headers['X-MS-APIM-Tokens']))['$connections']['shared_sharepointonline_2']['connectionId']"},"api":{"runtimeUrl":"https://unitedstates-002.azure-apim.net/apim/sharepointonline"}},"method":"post","body":{"method":"POST","uri":"_api/web/lists/GetByTitle('Visitor List')/views/getbytitle('All Items')/ViewFields/AddViewField('@{items('For_all_Single_line_of_text_fields')}')","headers":{"accept":"application/json;odata=verbose","content-Type":"application/json;odata=verbose"}},"path":"/datasets/@{encodeURIComponent(encodeURIComponent(items('For_all_sharepoint_sites')))}/httprequest","authentication":{"type":"Raw","value":"@json(decodeBase64(triggerOutputs().headers['X-MS-APIM-Tokens']))['$ConnectionKey']"}}}},"runAfter":{"Set_Single_Line_of_Text_Array":["Succeeded"]},"type":"Foreach"},"Request_to_create_ArrivalDateAndTime_field":{"runAfter":{"Add_NotifiedCount_to_view":["Succeeded"]},"metadata":{"flowSystemMetadata":{"swaggerOperationId":"HttpRequest"}},"type":"ApiConnection","inputs":{"host":{"connection":{"name":"@json(decodeBase64(triggerOutputs().headers['X-MS-APIM-Tokens']))['$connections']['shared_sharepointonline_2']['connectionId']"},"api":{"runtimeUrl":"https://unitedstates-002.azure-apim.net/apim/sharepointonline"}},"method":"post","body":{"method":"POST","uri":"_api/lists/getbytitle('Visitor List')/fields","headers":{"Accept":"application/json;odata=verbose","Content-Type":"application/json;odata=verbose"},"body":"{\n    '__metadata': {'type':'SP.FieldDateTime','addToDefaultView': 'true'},\n    'FieldTypeKind': 4,\n    'Title': 'ArrivalDateAndTime',\n    'DisplayFormat': 1\n}"},"path":"/datasets/@{encodeURIComponent(encodeURIComponent(items('For_all_sharepoint_sites')))}/httprequest","authentication":{"type":"Raw","value":"@json(decodeBase64(triggerOutputs().headers['X-MS-APIM-Tokens']))['$ConnectionKey']"}}},"Add_ArrivalDateAndTime_field_to_view_":{"runAfter":{"Request_to_create_ArrivalDateAndTime_field":["Succeeded"]},"metadata":{"flowSystemMetadata":{"swaggerOperationId":"HttpRequest"}},"type":"ApiConnection","inputs":{"host":{"connection":{"name":"@json(decodeBase64(triggerOutputs().headers['X-MS-APIM-Tokens']))['$connections']['shared_sharepointonline_2']['connectionId']"},"api":{"runtimeUrl":"https://unitedstates-002.azure-apim.net/apim/sharepointonline"}},"method":"post","body":{"method":"POST","uri":"_api/web/lists/GetByTitle('Visitor List')/views/getbytitle('All Items')/ViewFields/AddViewField('ArrivalDateAndTime')","headers":{"accept":"application/json;odata=verbose","content-Type":"application/json;odata=verbose"}},"path":"/datasets/@{encodeURIComponent(encodeURIComponent(items('For_all_sharepoint_sites')))}/httprequest","authentication":{"type":"Raw","value":"@json(decodeBase64(triggerOutputs().headers['X-MS-APIM-Tokens']))['$ConnectionKey']"}}},"Create_NotifiedAt_Date":{"runAfter":{"Add_ArrivalDateAndTime_field_to_view_":["Succeeded"]},"metadata":{"flowSystemMetadata":{"swaggerOperationId":"HttpRequest"}},"type":"ApiConnection","inputs":{"host":{"connection":{"name":"@json(decodeBase64(triggerOutputs().headers['X-MS-APIM-Tokens']))['$connections']['shared_sharepointonline_2']['connectionId']"},"api":{"runtimeUrl":"https://unitedstates-002.azure-apim.net/apim/sharepointonline"}},"method":"post","body":{"method":"POST","uri":"_api/lists/getbytitle('Visitor List')/fields","headers":{"Accept":"application/json;odata=verbose","Content-Type":"application/json;odata=verbose"},"body":"{\n    '__metadata': {'type':'SP.FieldDateTime','addToDefaultView': 'true'},\n    'FieldTypeKind': 4,\n    'Title': 'NotifiedAt',\n    'DisplayFormat': 1\n}"},"path":"/datasets/@{encodeURIComponent(encodeURIComponent(items('For_all_sharepoint_sites')))}/httprequest","authentication":{"type":"Raw","value":"@json(decodeBase64(triggerOutputs().headers['X-MS-APIM-Tokens']))['$ConnectionKey']"}}},"Add_NotifiedAt_to_View":{"runAfter":{"Create_NotifiedAt_Date":["Succeeded"]},"metadata":{"flowSystemMetadata":{"swaggerOperationId":"HttpRequest"}},"type":"ApiConnection","inputs":{"host":{"connection":{"name":"@json(decodeBase64(triggerOutputs().headers['X-MS-APIM-Tokens']))['$connections']['shared_sharepointonline_2']['connectionId']"},"api":{"runtimeUrl":"https://unitedstates-002.azure-apim.net/apim/sharepointonline"}},"method":"post","body":{"method":"POST","uri":"_api/web/lists/GetByTitle('Visitor List')/views/getbytitle('All Items')/ViewFields/AddViewField('NotifiedAt')","headers":{"accept":"application/json;odata=verbose","content-Type":"application/json;odata=verbose"}},"path":"/datasets/@{encodeURIComponent(encodeURIComponent(items('For_all_sharepoint_sites')))}/httprequest","authentication":{"type":"Raw","value":"@json(decodeBase64(triggerOutputs().headers['X-MS-APIM-Tokens']))['$ConnectionKey']"}}},"Create_AcknowledgedAt_Column":{"runAfter":{"Add_NotifiedAt_to_View":["Succeeded"]},"metadata":{"flowSystemMetadata":{"swaggerOperationId":"HttpRequest"}},"type":"ApiConnection","inputs":{"host":{"connection":{"name":"@json(decodeBase64(triggerOutputs().headers['X-MS-APIM-Tokens']))['$connections']['shared_sharepointonline_2']['connectionId']"},"api":{"runtimeUrl":"https://unitedstates-002.azure-apim.net/apim/sharepointonline"}},"method":"post","body":{"method":"POST","uri":"_api/lists/getbytitle('Visitor List')/fields","headers":{"Accept":"application/json;odata=verbose","Content-Type":"application/json;odata=verbose"},"body":"{\n    '__metadata': {'type':'SP.FieldDateTime','addToDefaultView': 'true'},\n    'FieldTypeKind': 4,\n    'Title': 'AcknowledgedAt',\n    'DisplayFormat': 1\n}"},"path":"/datasets/@{encodeURIComponent(encodeURIComponent(items('For_all_sharepoint_sites')))}/httprequest","authentication":{"type":"Raw","value":"@json(decodeBase64(triggerOutputs().headers['X-MS-APIM-Tokens']))['$ConnectionKey']"}}},"Add_AcknowledgedAt_to_View":{"runAfter":{"Create_AcknowledgedAt_Column":["Succeeded"]},"metadata":{"flowSystemMetadata":{"swaggerOperationId":"HttpRequest"}},"type":"ApiConnection","inputs":{"host":{"connection":{"name":"@json(decodeBase64(triggerOutputs().headers['X-MS-APIM-Tokens']))['$connections']['shared_sharepointonline_2']['connectionId']"},"api":{"runtimeUrl":"https://unitedstates-002.azure-apim.net/apim/sharepointonline"}},"method":"post","body":{"method":"POST","uri":"_api/web/lists/GetByTitle('Visitor List')/views/getbytitle('All Items')/ViewFields/AddViewField('AcknowledgedAt')","headers":{"accept":"application/json;odata=verbose","content-Type":"application/json;odata=verbose"}},"path":"/datasets/@{encodeURIComponent(encodeURIComponent(items('For_all_sharepoint_sites')))}/httprequest","authentication":{"type":"Raw","value":"@json(decodeBase64(triggerOutputs().headers['X-MS-APIM-Tokens']))['$ConnectionKey']"}}},"Create_VisitorRequestStatus_Column":{"runAfter":{"Add_AcknowledgedAt_to_View":["Succeeded"]},"metadata":{"flowSystemMetadata":{"swaggerOperationId":"HttpRequest"}},"type":"ApiConnection","inputs":{"host":{"connection":{"name":"@json(decodeBase64(triggerOutputs().headers['X-MS-APIM-Tokens']))['$connections']['shared_sharepointonline_2']['connectionId']"},"api":{"runtimeUrl":"https://unitedstates-002.azure-apim.net/apim/sharepointonline"}},"method":"post","body":{"method":"POST","uri":"_api/lists/getbytitle('Visitor List')/fields","headers":{"Accept":"application/json;odata=verbose","Content-Type":"application/json;odata=verbose"},"body":"{ '__metadata':\n    { 'type': 'SP.FieldChoice'},\n    'Title': 'VisitorRequestStatus',\n    'FieldTypeKind': 6,\n    'Choices': { 'results': ['Pending', 'Confirmed', 'Acknowledged','Deleted' ] }\n}"},"path":"/datasets/@{encodeURIComponent(encodeURIComponent(items('For_all_sharepoint_sites')))}/httprequest","authentication":{"type":"Raw","value":"@json(decodeBase64(triggerOutputs().headers['X-MS-APIM-Tokens']))['$ConnectionKey']"}}},"Add_VisitorRequestStatus_to_view":{"runAfter":{"Create_VisitorRequestStatus_Column":["Succeeded"]},"metadata":{"flowSystemMetadata":{"swaggerOperationId":"HttpRequest"}},"type":"ApiConnection","inputs":{"host":{"connection":{"name":"@json(decodeBase64(triggerOutputs().headers['X-MS-APIM-Tokens']))['$connections']['shared_sharepointonline_2']['connectionId']"},"api":{"runtimeUrl":"https://unitedstates-002.azure-apim.net/apim/sharepointonline"}},"method":"post","body":{"method":"POST","uri":"_api/web/lists/GetByTitle('Visitor List')/views/getbytitle('All Items')/ViewFields/AddViewField('VisitorRequestStatus')","headers":{"accept":"application/json;odata=verbose","content-Type":"application/json;odata=verbose"}},"path":"/datasets/@{encodeURIComponent(encodeURIComponent(items('For_all_sharepoint_sites')))}/httprequest","authentication":{"type":"Raw","value":"@json(decodeBase64(triggerOutputs().headers['X-MS-APIM-Tokens']))['$ConnectionKey']"}}},"Create_RequestType_column":{"runAfter":{"Add_VisitorRequestStatus_to_view":["Succeeded"]},"metadata":{"flowSystemMetadata":{"swaggerOperationId":"HttpRequest"}},"type":"ApiConnection","inputs":{"host":{"connection":{"name":"@json(decodeBase64(triggerOutputs().headers['X-MS-APIM-Tokens']))['$connections']['shared_sharepointonline_2']['connectionId']"},"api":{"runtimeUrl":"https://unitedstates-002.azure-apim.net/apim/sharepointonline"}},"method":"post","body":{"method":"POST","uri":"_api/lists/getbytitle('Visitor List')/fields","headers":{"Accept":"application/json;odata=verbose","Content-Type":"application/json;odata=verbose"},"body":"{ '__metadata':\n    { 'type': 'SP.FieldChoice'},\n    'Title': 'RequestType',\n    'FieldTypeKind': 6,\n    'Choices': { 'results': ['Scheduled', 'Walk-in' ] }\n}"},"path":"/datasets/@{encodeURIComponent(encodeURIComponent(items('For_all_sharepoint_sites')))}/httprequest","authentication":{"type":"Raw","value":"@json(decodeBase64(triggerOutputs().headers['X-MS-APIM-Tokens']))['$ConnectionKey']"}}},"Add_RequestType_to_view":{"runAfter":{"Create_RequestType_column":["Succeeded"]},"metadata":{"flowSystemMetadata":{"swaggerOperationId":"HttpRequest"}},"type":"ApiConnection","inputs":{"host":{"connection":{"name":"@json(decodeBase64(triggerOutputs().headers['X-MS-APIM-Tokens']))['$connections']['shared_sharepointonline_2']['connectionId']"},"api":{"runtimeUrl":"https://unitedstates-002.azure-apim.net/apim/sharepointonline"}},"method":"post","body":{"method":"POST","uri":"_api/web/lists/GetByTitle('Visitor List')/views/getbytitle('All Items')/ViewFields/AddViewField('RequestType')","headers":{"accept":"application/json;odata=verbose","content-Type":"application/json;odata=verbose"}},"path":"/datasets/@{encodeURIComponent(encodeURIComponent(items('For_all_sharepoint_sites')))}/httprequest","authentication":{"type":"Raw","value":"@json(decodeBase64(triggerOutputs().headers['X-MS-APIM-Tokens']))['$ConnectionKey']"}}},"Create_RequestStatusInternal_column":{"runAfter":{"Add_RequestType_to_view":["Succeeded"]},"metadata":{"flowSystemMetadata":{"swaggerOperationId":"HttpRequest"}},"type":"ApiConnection","inputs":{"host":{"connection":{"name":"@json(decodeBase64(triggerOutputs().headers['X-MS-APIM-Tokens']))['$connections']['shared_sharepointonline_2']['connectionId']"},"api":{"runtimeUrl":"https://unitedstates-002.azure-apim.net/apim/sharepointonline"}},"method":"post","body":{"method":"POST","uri":"_api/lists/getbytitle('Visitor List')/fields","headers":{"Accept":"application/json;odata=verbose","Content-Type":"application/json;odata=verbose"},"body":"{ '__metadata':\n    { 'type': 'SP.FieldChoice'},\n    'Title': 'RequestStatusInternal',\n    'FieldTypeKind': 6,\n    'Choices': { 'results': ['SecurityConfirmed', 'NotifiedConfirmation' ] }\n}"},"path":"/datasets/@{encodeURIComponent(encodeURIComponent(items('For_all_sharepoint_sites')))}/httprequest","authentication":{"type":"Raw","value":"@json(decodeBase64(triggerOutputs().headers['X-MS-APIM-Tokens']))['$ConnectionKey']"}}},"Add_RequestStatusInternal_to_View":{"runAfter":{"Create_RequestStatusInternal_column":["Succeeded"]},"metadata":{"flowSystemMetadata":{"swaggerOperationId":"HttpRequest"}},"type":"ApiConnection","inputs":{"host":{"connection":{"name":"@json(decodeBase64(triggerOutputs().headers['X-MS-APIM-Tokens']))['$connections']['shared_sharepointonline_2']['connectionId']"},"api":{"runtimeUrl":"https://unitedstates-002.azure-apim.net/apim/sharepointonline"}},"method":"post","body":{"method":"POST","uri":"_api/web/lists/GetByTitle('Visitor List')/views/getbytitle('All Items')/ViewFields/AddViewField('RequestStatusInternal')","headers":{"accept":"application/json;odata=verbose","content-Type":"application/json;odata=verbose"}},"path":"/datasets/@{encodeURIComponent(encodeURIComponent(items('For_all_sharepoint_sites')))}/httprequest","authentication":{"type":"Raw","value":"@json(decodeBase64(triggerOutputs().headers['X-MS-APIM-Tokens']))['$ConnectionKey']"}}},"Create_NotifiedCount_column":{"runAfter":{"For_all_Single_line_of_text_fields":["Succeeded"]},"metadata":{"flowSystemMetadata":{"swaggerOperationId":"HttpRequest"}},"type":"ApiConnection","inputs":{"host":{"connection":{"name":"@json(decodeBase64(triggerOutputs().headers['X-MS-APIM-Tokens']))['$connections']['shared_sharepointonline_2']['connectionId']"},"api":{"runtimeUrl":"https://unitedstates-002.azure-apim.net/apim/sharepointonline"}},"method":"post","body":{"method":"POST","uri":"_api/lists/getbytitle('Visitor List')/fields","headers":{"Accept":"application/json;odata=verbose","Content-Type":"application/json;odata=verbose"},"body":"{\n    '__metadata': {'type':'SP.FieldDateTime','addToDefaultView': 'true'},\n    'FieldTypeKind': 9,\n    'Title': 'NotifiedCount',\n   'DefaultValue': '0'\n}"},"path":"/datasets/@{encodeURIComponent(encodeURIComponent(items('For_all_sharepoint_sites')))}/httprequest","authentication":{"type":"Raw","value":"@json(decodeBase64(triggerOutputs().headers['X-MS-APIM-Tokens']))['$ConnectionKey']"}}},"Add_NotifiedCount_to_view":{"runAfter":{"Create_NotifiedCount_column":["Succeeded"]},"metadata":{"flowSystemMetadata":{"swaggerOperationId":"HttpRequest"}},"type":"ApiConnection","inputs":{"host":{"connection":{"name":"@json(decodeBase64(triggerOutputs().headers['X-MS-APIM-Tokens']))['$connections']['shared_sharepointonline_2']['connectionId']"},"api":{"runtimeUrl":"https://unitedstates-002.azure-apim.net/apim/sharepointonline"}},"method":"post","body":{"method":"POST","uri":"_api/web/lists/GetByTitle('Visitor List')/views/getbytitle('All Items')/ViewFields/AddViewField('NotifiedCount')","headers":{"accept":"application/json;odata=verbose","content-Type":"application/json;odata=verbose"}},"path":"/datasets/@{encodeURIComponent(encodeURIComponent(items('For_all_sharepoint_sites')))}/httprequest","authentication":{"type":"Raw","value":"@json(decodeBase64(triggerOutputs().headers['X-MS-APIM-Tokens']))['$ConnectionKey']"}}}},"runAfter":{"Create_Branch_List":["Succeeded"]},"type":"Scope"}},"runAfter":{"Single_Line_of_text_Fields_Array":["Succeeded"]},"type":"Foreach"}},"outputs":{}},"connectionReferences":{"shared_sharepointonline_2":{"connectionName":"3650f1090dc94f108d90d07e1491bb58","source":"Invoker","id":"/providers/Microsoft.PowerApps/apis/shared_sharepointonline","tier":"NotSpecified"}},"flowFailureAlertSubscribed":false}}