{"schemaVersion":"1.0","appDefinitionTemplate":{"id":"/providers/Microsoft.PowerApps/apps/","type":"Microsoft.PowerApps/apps","tags":{"primaryDeviceWidth":"1366","primaryDeviceHeight":"768","sienaVersion":"20200609T163225Z-3.20053.24.0","deviceCapabilities":"","supportsPortrait":"false","supportsLandscape":"true","primaryFormFactor":"Tablet","publisherVersion":"3.20053.24","minimumRequiredApiVersion":"2.2.0","hasComponent":"false","hasUnlockedComponent":"false","isUnifiedRootApp":"false"},"properties":{"appVersion":"2020-06-09T16:32:25Z","lifeCycleId":"Published","createdByClientVersion":{"major":3,"minor":20053,"build":24,"revision":0,"majorRevision":0,"minorRevision":0},"minClientVersion":{"major":3,"minor":20053,"build":24,"revision":0,"majorRevision":0,"minorRevision":0},"backgroundColor":"rgba(0, 99, 177, 1)","backgroundImageUri":"/17235604058691605988/N7b8d3a16-28d5-4aec-8b38-cffcbc1765a2-logoSmallFile","displayName":"Visitor management Admins","description":"","commitMessage":"","appUris":{"documentUri":{"value":"/17235604058691605988/Nd063d407-1ad6-4244-b8c7-0e99004b8e57-document.msapp","readonlyValue":"/17235604058691605988/Nd063d407-1ad6-4244-b8c7-0e99004b8e57-document.msapp"},"imageUris":[]},"createdTime":"0001-01-01T00:00:00Z","lastModifiedTime":"0001-01-01T00:00:00Z","sharedGroupsCount":0,"sharedUsersCount":0,"icons":{"smallIconUri":"/17235604058691605988/Ndcf32cba-a627-4740-9e06-13139cdf1b60-small.png","mediumIconUri":"/17235604058691605988/Ne6ac985f-9056-4a9f-9cae-01123e6a67d8-medium.png","largeIconUri":"/17235604058691605988/N1d036d15-374c-4483-b71a-348219c37c9d-large.png","wideIconUri":"/17235604058691605988/Nfb13c3bc-c038-4ba1-8f47-b848dadac54e-wide.png"},"connectionReferences":{"06b8ec78-deda-47e9-8a3b-fd7d0f259638":{"id":"a1322c03-11e9-4606-9011-1d34df74068b","displayName":"Office 365 Users","iconUri":"https://connectoricons-prod.azureedge.net/office365users/icon_1.0.1355.2023.png","dataSources":["Office365Users"],"dependencies":[],"dependents":[],"parameterHints":{},"isOnPremiseConnection":false,"bypassConsent":false,"dataSets":{},"apiTier":"Standard","isCustomApiConnection":false},"cf029473-77e0-4a21-9c0b-ec015f2910b2":{"id":"99df283b-deeb-4fd4-9d42-35359daf4be3","displayName":"Logic flows","iconUri":"https://resourcestackdeploy.blob.core.windows.net/scripts/13276078.png","dataSources":["NotifyHostOfVisitor"],"dependencies":["f913948d-866f-4376-b088-418cf8835f5f","ef5d98df-d3d2-4ef4-a410-c3fd1a60b319"],"dependents":[],"parameterHints":{"workflowName":{"value":"46f59081-5289-42df-8a1f-1391a1a2c4ed"},"f913948d-866f-4376-b088-418cf8835f5f":{"value":"shared_sharepointonline"},"ef5d98df-d3d2-4ef4-a410-c3fd1a60b319":{"value":"shared_teams"}},"isOnPremiseConnection":false,"bypassConsent":false,"dataSets":{},"apiTier":"Standard","isCustomApiConnection":false},"f913948d-866f-4376-b088-418cf8835f5f":{"id":"acaa2f6c-1584-4816-b72f-3be2e7c7014b","displayName":"SharePoint","iconUri":"https://connectoricons-prod.azureedge.net/sharepointonline/icon_1.0.1329.1961.png","dataSources":["Branch List","Visitor List"],"dependencies":[],"dependents":["cf029473-77e0-4a21-9c0b-ec015f2910b2","0fa401f3-c136-4932-819c-aa15c116cf19"],"parameterHints":{},"isOnPremiseConnection":false,"bypassConsent":false,"dataSets":{"https://m365x699623.sharepoint.com/sites/ConotsoVisitormanagement":{"dataSources":{"Branch List":{"tableName":"1a01992f-ec8c-41ea-8c59-8db84b905290"},"Visitor List":{"tableName":"ae87b84b-9ef9-43a0-aba6-f79b51178a26"}}}},"apiTier":"Standard","isCustomApiConnection":false},"ef5d98df-d3d2-4ef4-a410-c3fd1a60b319":{"id":"3697126d-ad6d-45ce-8d46-10bba58d7e11","displayName":"Microsoft Teams","iconUri":"https://connectoricons-prod.azureedge.net/teams/icon_1.0.1355.2023.png","dataSources":[],"dependencies":[],"dependents":["cf029473-77e0-4a21-9c0b-ec015f2910b2"],"parameterHints":{},"isOnPremiseConnection":false,"bypassConsent":false,"dataSets":{},"apiTier":"Standard","isCustomApiConnection":false},"0fa401f3-c136-4932-819c-aa15c116cf19":{"id":"99df283b-deeb-4fd4-9d42-35359daf4be3","displayName":"Logic flows","iconUri":"https://resourcestackdeploy.blob.core.windows.net/scripts/13276078.png","dataSources":["VisitorManagementSecurityTeamGallery"],"dependencies":["f913948d-866f-4376-b088-418cf8835f5f"],"dependents":[],"parameterHints":{"workflowName":{"value":"c8ca5f8c-fb1f-4f6f-9051-eef041d416d3"},"f913948d-866f-4376-b088-418cf8835f5f":{"value":"shared_sharepointonline"}},"isOnPremiseConnection":false,"bypassConsent":false,"dataSets":{},"apiTier":"Standard","isCustomApiConnection":false}},"databaseReferences":{},"almMode":"Environment","performanceOptimizationEnabled":true,"canConsumeAppPass":true},"isAppComponentLibrary":false,"appType":"ClassicCanvasApp","appComponents":[]}}