{"schemaVersion":"1.0","appDefinitionTemplate":{"id":"/providers/Microsoft.PowerApps/apps/","type":"Microsoft.PowerApps/apps","tags":{"primaryDeviceWidth":"1366","primaryDeviceHeight":"768","sienaVersion":"20200609T163818Z-3.20053.24.0","deviceCapabilities":"","supportsPortrait":"false","supportsLandscape":"true","primaryFormFactor":"Tablet","publisherVersion":"3.20053.24","minimumRequiredApiVersion":"2.2.0","hasComponent":"false","hasUnlockedComponent":"false","isUnifiedRootApp":"false"},"properties":{"appVersion":"2020-06-09T16:38:18Z","lifeCycleId":"Published","createdByClientVersion":{"major":3,"minor":20053,"build":24,"revision":0,"majorRevision":0,"minorRevision":0},"minClientVersion":{"major":3,"minor":20053,"build":24,"revision":0,"majorRevision":0,"minorRevision":0},"backgroundColor":"rgba(0, 99, 177, 1)","backgroundImageUri":"/15335437963970260528/Ncd9fc76b-f700-4d94-affe-134f69f416aa-logoSmallFile","displayName":"Visitor management","description":"","commitMessage":"","appUris":{"documentUri":{"value":"/15335437963970260528/N19012217-1125-4ed3-b6de-3ab6f677c0a5-document.msapp","readonlyValue":"/15335437963970260528/N19012217-1125-4ed3-b6de-3ab6f677c0a5-document.msapp"},"imageUris":[]},"createdTime":"0001-01-01T00:00:00Z","lastModifiedTime":"0001-01-01T00:00:00Z","sharedGroupsCount":0,"sharedUsersCount":0,"icons":{"smallIconUri":"/15335437963970260528/N88c845d3-ae35-4e2f-8511-4e078614fc20-small.png","mediumIconUri":"/15335437963970260528/Nd21e2e69-e7f8-45c7-b636-c33df82c505f-medium.png","largeIconUri":"/15335437963970260528/Nd00bb4b5-9878-45b6-bb6f-e86f0ea21b09-large.png","wideIconUri":"/15335437963970260528/N98ec3a1c-ffd7-42ca-a0f6-ea674a2ab9c6-wide.png"},"connectionReferences":{"06b8ec78-deda-47e9-8a3b-fd7d0f259638":{"id":"a1322c03-11e9-4606-9011-1d34df74068b","displayName":"Office 365 Users","iconUri":"https://connectoricons-prod.azureedge.net/office365users/icon_1.0.1355.2023.png","dataSources":["Office365Users"],"dependencies":[],"dependents":[],"parameterHints":{},"isOnPremiseConnection":false,"bypassConsent":false,"dataSets":{},"apiTier":"Standard","isCustomApiConnection":false},"f913948d-866f-4376-b088-418cf8835f5f":{"id":"acaa2f6c-1584-4816-b72f-3be2e7c7014b","displayName":"SharePoint","iconUri":"https://connectoricons-prod.azureedge.net/sharepointonline/icon_1.0.1329.1961.png","dataSources":["Branch List","Visitor List"],"dependencies":[],"dependents":["97b3908c-18fa-4a9f-8a89-9efec29f21e2"],"parameterHints":{},"isOnPremiseConnection":false,"bypassConsent":false,"dataSets":{"https://m365x699623.sharepoint.com/sites/ConotsoVisitormanagement":{"dataSources":{"Branch List":{"tableName":"1a01992f-ec8c-41ea-8c59-8db84b905290"},"Visitor List":{"tableName":"ae87b84b-9ef9-43a0-aba6-f79b51178a26"}}}},"apiTier":"Standard","isCustomApiConnection":false},"97b3908c-18fa-4a9f-8a89-9efec29f21e2":{"id":"99df283b-deeb-4fd4-9d42-35359daf4be3","displayName":"Logic flows","iconUri":"https://resourcestackdeploy.blob.core.windows.net/scripts/13276078.png","dataSources":["VisitorManagementUserGallery"],"dependencies":["f913948d-866f-4376-b088-418cf8835f5f"],"dependents":[],"parameterHints":{"workflowName":{"value":"7a6ea69d-bd45-49c8-919b-cb17417e2bd6"},"f913948d-866f-4376-b088-418cf8835f5f":{"value":"shared_sharepointonline"}},"isOnPremiseConnection":false,"bypassConsent":false,"dataSets":{},"apiTier":"Standard","isCustomApiConnection":false}},"databaseReferences":{},"almMode":"Environment","performanceOptimizationEnabled":true,"canConsumeAppPass":true},"isAppComponentLibrary":false,"appType":"ClassicCanvasApp","appComponents":[]}}