{"name":"3462ac0d-a917-4ce5-ade7-924f51cd80ec","id":"/providers/Microsoft.Flow/flows/3462ac0d-a917-4ce5-ade7-924f51cd80ec","type":"Microsoft.Flow/flows","properties":{"apiId":"/providers/Microsoft.PowerApps/apis/shared_logicflows","displayName":"NotifyHostOfVisitor","definition":{"metadata":{"workflowEntityId":null,"creator":{"id":"e5d51810-90a7-4d30-bc9e-cdd66bced4f1","type":"User","tenantId":"efb8be03-af30-4722-8b7b-e9edaa03cf98"},"provisioningMethod":"FromDefinition","failureAlertSubscription":true,"clientLastModifiedTime":"2020-06-09T00:50:46.6347452Z"},"$schema":"https://schema.management.azure.com/providers/Microsoft.Logic/schemas/2016-06-01/workflowdefinition.json#","contentVersion":"1.0.0.0","parameters":{"$connections":{"defaultValue":{},"type":"Object"},"$authentication":{"defaultValue":{},"type":"SecureObject"}},"triggers":{"manual":{"type":"Request","kind":"PowerApp","inputs":{"schema":{"type":"object","properties":{"Initializevariable_Value":{"type":"integer","description":"Enter initial value","x-ms-powerflows-param-ispartial":false}},"required":["Initializevariable_Value"]}}}},"actions":{"Initialize_variable":{"runAfter":{},"type":"InitializeVariable","inputs":{"variables":[{"name":"ID","type":"integer","value":"@triggerBody()['Initializevariable_Value']"}]}},"Get_item":{"runAfter":{"Initialize_and_Set_SharePoint_Site_Address":["Succeeded"]},"metadata":{"flowSystemMetadata":{"swaggerOperationId":"GetItem"}},"type":"ApiConnection","inputs":{"host":{"connection":{"name":"@json(decodeBase64(triggerOutputs().headers['X-MS-APIM-Tokens']))['$connections']['shared_sharepointonline']['connectionId']"},"api":{"runtimeUrl":"https://unitedstates-002.azure-apim.net/apim/sharepointonline"}},"method":"get","path":"/datasets/@{encodeURIComponent(encodeURIComponent('https://m365x699623.sharepoint.com/sites/ConotsoVisitormanagement'))}/tables/@{encodeURIComponent(encodeURIComponent('ae87b84b-9ef9-43a0-aba6-f79b51178a26'))}/items/@{encodeURIComponent(variables('ID'))}","authentication":{"type":"Raw","value":"@json(decodeBase64(triggerOutputs().headers['X-MS-APIM-Tokens']))['$ConnectionKey']"}}},"Post_an_Adaptive_Card_to_a_Teams_user_and_wait_for_a_response":{"runAfter":{"Convert_time_zone":["Succeeded"]},"metadata":{"flowSystemMetadata":{"swaggerOperationId":"SubscribeUserFlowContinuation"}},"type":"ApiConnectionWebhook","inputs":{"host":{"connection":{"name":"@json(decodeBase64(triggerOutputs().headers['X-MS-APIM-Tokens']))['$connections']['shared_teams']['connectionId']"},"api":{"runtimeUrl":"https://unitedstates-002.azure-apim.net/apim/teams"}},"body":{"notificationUrl":"@{listCallbackUrl()}","body":{"recipient":{"to":"@{body('Get_item')?['HostEmail']};"},"messageBody":"{\n    \"$schema\": \"http://adaptivecards.io/schemas/adaptive-card.json\",\n    \"type\": \"AdaptiveCard\",\n    \"version\": \"1.0\",\n    \"body\": [\n        {\n            \"type\": \"TextBlock\",\n            \"text\": \"Your visitor has arrived.\",\n            \"weight\": \"Bolder\",\n            \"size\": \"Large\"\n        },\n        {\n            \"type\": \"TextBlock\",\n            \"text\": \"Please come greet your guest.\",\n            \"weight\": \"Lighter\",\n            \"size\": \"Smaller\"\n        },\n        {\n            \"type\": \"FactSet\",\n            \"facts\": [\n                {\n                    \"title\": \"Visitor name:\",\n                    \"value\": \"@{body('Get_item')?['VisitorName']}\"\n                },\n                {\n                    \"title\": \"Organization:\",\n                    \"value\": \"@{body('Get_item')?['OrganizationDetails']}\"\n                },\n                {\n                    \"title\": \"Arrival time:\",\n                    \"value\": \"@{body('Convert_time_zone')}\"\n                }\n            ]\n        },\n        {\n            \"type\": \"TextBlock\",\n            \"text\": \"Note\"\n        },\n        {\n            \"type\": \"Input.Text\",\n            \"placeholder\": \"Type a note for reception (optional)\",\n            \"id\": \"Note\",\n            \"isMultiline\": true\n        }\n    ],\n    \"actions\": [\n        {\n            \"type\": \"Action.Submit\",\n            \"title\": \"Done\",\n            \"id\": \"Send\"\n        }\n    ]\n}","updateMessage":"Response submitted","shouldUpdateCard":true}},"path":"/flowbot/actions/flowcontinuation/recipienttypes/user/$subscriptions","authentication":{"type":"Raw","value":"@json(decodeBase64(triggerOutputs().headers['X-MS-APIM-Tokens']))['$ConnectionKey']"}}},"Parse_JSON":{"runAfter":{"Post_an_Adaptive_Card_to_a_Teams_user_and_wait_for_a_response":["Succeeded"]},"type":"ParseJson","inputs":{"content":"@body('Post_an_adaptive_card_to_a_teams_user_and_wait_for_a_response')","schema":{"type":"object","properties":{"$schema":{"type":"string"},"type":{"type":"string"},"version":{"type":"string"},"body":{"type":"array","items":{"type":"object","properties":{"type":{"type":"string"},"text":{"type":"string"},"weight":{"type":"string"},"size":{"type":"string"},"facts":{"type":"array","items":{"type":"object","properties":{"title":{"type":"string"},"value":{"type":"string"}},"required":["title","value"]}},"placeholder":{"type":"string"},"id":{"type":"string"},"isMultiline":{"type":"boolean"}},"required":["type"]}},"actions":{"type":"array","items":{"type":"object","properties":{"type":{"type":"string"},"title":{"type":"string"},"id":{"type":"string"}},"required":["type","title","id"]}}}}}},"Convert_time_zone":{"runAfter":{"Get_item":["Succeeded"]},"type":"Expression","kind":"ConvertTimeZone","inputs":{"baseTime":"@body('Get_item')?['ArrivalDateAndTime']","formatString":"dd MMM yyy HH:mm","sourceTimeZone":"UTC","destinationTimeZone":"Pacific Standard Time"}},"Current_time":{"runAfter":{"Parse_JSON":["Succeeded"]},"type":"Expression","kind":"CurrentTime","inputs":{}},"Get_item_2":{"runAfter":{"Current_time":["Succeeded"]},"metadata":{"flowSystemMetadata":{"swaggerOperationId":"GetItem"}},"type":"ApiConnection","inputs":{"host":{"connection":{"name":"@json(decodeBase64(triggerOutputs().headers['X-MS-APIM-Tokens']))['$connections']['shared_sharepointonline']['connectionId']"},"api":{"runtimeUrl":"https://unitedstates-002.azure-apim.net/apim/sharepointonline"}},"method":"get","path":"/datasets/@{encodeURIComponent(encodeURIComponent(variables('Site Address')))}/tables/@{encodeURIComponent(encodeURIComponent('Visitor List'))}/items/@{encodeURIComponent(variables('ID'))}","authentication":{"type":"Raw","value":"@json(decodeBase64(triggerOutputs().headers['X-MS-APIM-Tokens']))['$ConnectionKey']"}}},"Condition":{"actions":{"Post_your_own_adaptive_card_as_the_Flow_bot_to_a_user":{"runAfter":{},"metadata":{"flowSystemMetadata":{"swaggerOperationId":"PostUserAdaptiveCard"}},"type":"ApiConnection","inputs":{"host":{"connection":{"name":"@json(decodeBase64(triggerOutputs().headers['X-MS-APIM-Tokens']))['$connections']['shared_teams']['connectionId']"},"api":{"runtimeUrl":"https://unitedstates-002.azure-apim.net/apim/teams"}},"method":"post","body":{"recipient":{"to":"@{body('Get_item_2')?['UserEmail']};"},"messageBody":"{\n    \"$schema\": \"http://adaptivecards.io/schemas/adaptive-card.json\",\n    \"type\": \"AdaptiveCard\",\n    \"version\": \"1.0\",\n    \"body\": [\n        {\n            \"type\": \"TextBlock\",\n            \"text\": \"The visit with these details is no longer happening. No action needed.\",\n            \"weight\": \"Bolder\",\n            \"size\": \"Large\",\n            \"wrap\":\"true\"\n        },\n        {\n            \"type\": \"TextBlock\",\n            \"text\": \"Visitor details\"\n        },\n        {\n            \"type\": \"FactSet\",\n            \"facts\": [\n                {\n                    \"title\": \"Visitor name:\",\n                    \"value\": \"@{body('Get_item')?['VisitorName']}\"\n                },\n                {\n                    \"title\": \"Organization:\",\n                    \"value\": \"@{body('Get_item')?['OrganizationDetails']}\"\n                },\n                {\n                    \"title\": \"Arrival time:\",\n                    \"value\": \"@{body('Convert_time_zone')}\"\n                }\n            ]\n        }\n    ]\n}"},"path":"/flowbot/actions/adaptivecard/recipienttypes/user","authentication":{"type":"Raw","value":"@json(decodeBase64(triggerOutputs().headers['X-MS-APIM-Tokens']))['$ConnectionKey']"}}}},"runAfter":{"Get_item_2":["Succeeded"]},"else":{"actions":{"Update_item_2":{"runAfter":{},"metadata":{"flowSystemMetadata":{"swaggerOperationId":"PatchItem"}},"type":"ApiConnection","inputs":{"host":{"connection":{"name":"@json(decodeBase64(triggerOutputs().headers['X-MS-APIM-Tokens']))['$connections']['shared_sharepointonline']['connectionId']"},"api":{"runtimeUrl":"https://unitedstates-002.azure-apim.net/apim/sharepointonline"}},"method":"patch","body":{"Title":"@body('Get_item')['Title']","VisitorRequestStatus":{"Value":"Acknowledged"},"HostNotes":"@{body('Parse_JSON')?['data/Note']}","AcknowledgedAt":"@body('Current_time')","RequestStatusInternal":{"Value":"NotifiedConfirmation"}},"path":"/datasets/@{encodeURIComponent(encodeURIComponent(variables('Site Address')))}/tables/@{encodeURIComponent(encodeURIComponent('Visitor List'))}/items/@{encodeURIComponent(variables('ID'))}","authentication":{"type":"Raw","value":"@json(decodeBase64(triggerOutputs().headers['X-MS-APIM-Tokens']))['$ConnectionKey']"}}}}},"expression":{"equals":["@body('Get_item_2')?['VisitorRequestStatus']?['Value']","Deleted"]},"type":"If"},"Initialize_and_Set_SharePoint_Site_Address":{"runAfter":{"Initialize_variable":["Succeeded"]},"type":"InitializeVariable","inputs":{"variables":[{"name":"Site Address","type":"string","value":"https://m365x699623.sharepoint.com/sites/ConotsoVisitormanagement"}]}}}},"connectionReferences":{"shared_sharepointonline":{"connectionName":"3650f1090dc94f108d90d07e1491bb58","source":"Invoker","id":"/providers/Microsoft.PowerApps/apis/shared_sharepointonline","tier":"NotSpecified"},"shared_teams":{"connectionName":"0dbe206a48d84211b367a8c175be43eb","source":"Invoker","id":"/providers/Microsoft.PowerApps/apis/shared_teams","tier":"NotSpecified"}},"flowFailureAlertSubscribed":false}}