{"schemaVersion":"1.0","appDefinitionTemplate":{"id":"/providers/Microsoft.PowerApps/apps/","type":"Microsoft.PowerApps/apps","tags":{"primaryDeviceWidth":"1366","primaryDeviceHeight":"768","sienaVersion":"20200615T222029Z-3.20054.18.0","deviceCapabilities":"","supportsPortrait":"true","supportsLandscape":"true","primaryFormFactor":"Tablet","publisherVersion":"3.20054.18","minimumRequiredApiVersion":"2.2.0","hasComponent":"false","hasUnlockedComponent":"false","isUnifiedRootApp":"false"},"properties":{"appVersion":"2020-06-15T22:20:29Z","lifeCycleId":"Published","createdByClientVersion":{"major":3,"minor":20054,"build":18,"revision":0,"majorRevision":0,"minorRevision":0},"minClientVersion":{"major":3,"minor":20054,"build":18,"revision":0,"majorRevision":0,"minorRevision":0},"backgroundColor":"rgba(104, 101, 171, 1)","backgroundImageUri":"/16358372370874069629/Nf7be794d-da34-407d-8cb7-f25619452c65-logoSmallFile","displayName":"Visitor Management","description":"","commitMessage":"","appUris":{"documentUri":{"value":"/16358372370874069629/N0dd925a8-3da6-45e5-bfce-ae2600aec192-document.msapp","readonlyValue":"/16358372370874069629/N0dd925a8-3da6-45e5-bfce-ae2600aec192-document.msapp"},"imageUris":[]},"createdTime":"0001-01-01T00:00:00Z","lastModifiedTime":"0001-01-01T00:00:00Z","sharedGroupsCount":0,"sharedUsersCount":0,"icons":{"smallIconUri":"/16358372370874069629/Ne5971b3f-4b70-4b19-a2ba-b735ff84ae5a-small.png","mediumIconUri":"/16358372370874069629/N7263533f-c504-47d1-a496-013033fe06d6-medium.png","largeIconUri":"/16358372370874069629/N07670ed6-0462-471f-b579-605f17d35be8-large.png","wideIconUri":"/16358372370874069629/N4290f8bf-1026-4a84-bedf-ebbcaed3670e-wide.png"},"connectionReferences":{"06b8ec78-deda-47e9-8a3b-fd7d0f259638":{"id":"a1322c03-11e9-4606-9011-1d34df74068b","displayName":"Office 365 Users","iconUri":"https://connectoricons-prod.azureedge.net/office365users/icon_1.0.1357.2029.png","dataSources":["Office365Users"],"dependencies":[],"dependents":[],"parameterHints":{},"isOnPremiseConnection":false,"bypassConsent":false,"dataSets":{},"apiTier":"Standard","isCustomApiConnection":false},"f913948d-866f-4376-b088-418cf8835f5f":{"id":"acaa2f6c-1584-4816-b72f-3be2e7c7014b","displayName":"SharePoint","iconUri":"https://connectoricons-prod.azureedge.net/sharepointonline/icon_1.0.1355.2023.png","dataSources":["Branch List","Visitor List"],"dependencies":[],"dependents":["97b3908c-18fa-4a9f-8a89-9efec29f21e2"],"parameterHints":{},"isOnPremiseConnection":false,"bypassConsent":false,"dataSets":{"https://m365x699623.sharepoint.com/sites/ConotsoVisitormanagement":{"dataSources":{"Branch List":{"tableName":"1a01992f-ec8c-41ea-8c59-8db84b905290"},"Visitor List":{"tableName":"ae87b84b-9ef9-43a0-aba6-f79b51178a26"}}}},"apiTier":"Standard","isCustomApiConnection":false},"97b3908c-18fa-4a9f-8a89-9efec29f21e2":{"id":"99df283b-deeb-4fd4-9d42-35359daf4be3","displayName":"Logic flows","iconUri":"https://resourcestackdeploy.blob.core.windows.net/scripts/13276078.png","dataSources":["VisitorManagementUserGallery"],"dependencies":["f913948d-866f-4376-b088-418cf8835f5f"],"dependents":[],"parameterHints":{"workflowName":{"value":"7a6ea69d-bd45-49c8-919b-cb17417e2bd6"},"f913948d-866f-4376-b088-418cf8835f5f":{"value":"shared_sharepointonline"}},"isOnPremiseConnection":false,"bypassConsent":false,"dataSets":{},"apiTier":"Standard","isCustomApiConnection":false}},"databaseReferences":{},"almMode":"Environment","performanceOptimizationEnabled":true,"canConsumeAppPass":true},"isAppComponentLibrary":false,"appType":"ClassicCanvasApp","appComponents":[]}}